{
    "0": {
        "EER": 10.275940369630193,
        "EER_STD": 6.301863979281036
    },
    "1": {
        "EER": 7.750591414492328,
        "EER_STD": 5.917761962094531
    },
    "3": {
        "EER": 6.217057569339708,
        "EER_STD": 5.6801453125968635
    },
    "7": {
        "EER": 5.349146229809204,
        "EER_STD": 5.480287416278904
    },
    "15": {
        "EER": 4.867997087603487,
        "EER_STD": 5.38392123266538
    },
    "31": {
        "EER": 4.590853847228611,
        "EER_STD": 5.370092478424468
    }
}