{
    "Average_EER": 16.609170140444256,
    "Std_EER": 7.80078452417502
}