{
    "Average_EER": 7.109292929292929,
    "Std_EER": 7.669712584807711
}