{
    "Average_EER": 13.090454545454547,
    "Std_EER": 8.195371119880551
}