{
    "Average_EER": 5.349103277674707,
    "Std_EER": 5.609388719204263
}