{
    "Average_EER": 11.309317666460524,
    "Std_EER": 6.3182962628816925
}