{
    "Average_EER": 11.546238966011714,
    "Std_EER": 8.040246738351568
}