{
    "Average_EER": 4.845808080808081,
    "Std_EER": 7.663909601772745
}