{
    "Average_EER": 9.77550505050505,
    "Std_EER": 8.485182484257116
}