{
    "Average_EER": 3.022005772005772,
    "Std_EER": 4.5717401708083445
}