{
    "Average_EER": 13.374885932601648,
    "Std_EER": 6.732079655752396
}