{
    "Average_EER": 8.683311797161638,
    "Std_EER": 6.4564420364272745
}