{
    "Average_EER": 7.569676355390641,
    "Std_EER": 5.636204882500651
}