{
    "Average_EER": 12.742372706658422,
    "Std_EER": 6.587180891222467
}