{
    "Average_EER": 9.09727272727273,
    "Std_EER": 10.22002737795563
}