{
    "Average_EER": 15.01222222222222,
    "Std_EER": 10.136180593033568
}