{
    "Average_EER": 13.067851128536098,
    "Std_EER": 7.671180490542606
}