{
    "Average_EER": 6.386621315192744,
    "Std_EER": 5.488833827780077
}