{
    "Average_EER": 18.175987089106318,
    "Std_EER": 7.5433576909586755
}