{
    "Scenario 1": {
        "EER": 10.275940369630193,
        "EER_STD": 6.301863979281036,
        "FMR100": 43.33016713238228,
        "FMR100_STD": 24.46159580333749,
        "FMR1000": 66.98499532646713,
        "FMR1000_STD": 25.297442186454905,
        "FMR10000": 80.64794625765965,
        "FMR10000_STD": 21.448530877632145
    },
    "Scenario 2": {
        "EER": 6.2189669559105925,
        "EER_STD": 5.644751727843933,
        "FMR100": 27.859144791668776,
        "FMR100_STD": 25.745680396729703,
        "FMR1000": 50.38742645322226,
        "FMR1000_STD": 30.40109896689574,
        "FMR10000": 64.74614993077218,
        "FMR10000_STD": 30.02714440846031
    },
    "Scenario 3": {
        "EER": 6.871111111111111,
        "EER_STD": 7.6140404931523795,
        "FMR100": 32.150000000000006,
        "FMR100_STD": 32.28850414621278,
        "FMR1000": 54.04000000000001,
        "FMR1000_STD": 35.66144136178458,
        "FMR10000": 65.07,
        "FMR10000_STD": 34.523688968590825
    },
    "Scenario 4": {
        "EER": 3.0389393939393936,
        "EER_STD": 6.2292530580609,
        "FMR100": 20.71,
        "FMR100_STD": 33.97743221610486,
        "FMR1000": 33.440000000000005,
        "FMR1000_STD": 40.58209457383884,
        "FMR10000": 41.26,
        "FMR10000_STD": 42.164349870477075
    },
    "Scenario 5": {
        "EER": 4.771490414347557,
        "EER_STD": 5.355438139734767,
        "FMR100": 23.97979797979798,
        "FMR100_STD": 28.290691547610074,
        "FMR1000": 43.58585858585858,
        "FMR1000_STD": 35.03966298123582,
        "FMR10000": 56.393939393939384,
        "FMR10000_STD": 35.152142105171706
    },
    "Scenario 6": {
        "EER": 1.4858792001649144,
        "EER_STD": 2.7411782376177363,
        "FMR100": 12.242424242424244,
        "FMR100_STD": 26.98824694030584,
        "FMR1000": 24.282828282828287,
        "FMR1000_STD": 35.32505346212269,
        "FMR10000": 32.111111111111114,
        "FMR10000_STD": 38.7902645520491
    },
    "Scenario 7": {
        "EER": 0.6830035044320758,
        "EER_STD": 1.748885863757363,
        "FMR100": 9.595959595959595,
        "FMR100_STD": 26.671938566730734,
        "FMR1000": 16.08080808080808,
        "FMR1000_STD": 33.365946702394126,
        "FMR10000": 19.98989898989899,
        "FMR10000_STD": 36.306633211319834
    }
}