{
    "8": {
        "avg_eer": 31.831962004874637,
        "std_eer": 11.60564945881379
    },
    "16": {
        "avg_eer": 26.869340846507534,
        "std_eer": 9.18371523377839
    },
    "32": {
        "avg_eer": 23.480334168541095,
        "std_eer": 9.122381853243871
    },
    "64": {
        "avg_eer": 19.085765638923913,
        "std_eer": 8.90900269449535
    },
    "128": {
        "avg_eer": 15.45129134286408,
        "std_eer": 8.796269967949968
    },
    "230": {
        "avg_eer": 13.371212394312565,
        "std_eer": 6.722006596642842
    }
}