{
    "8": {
        "avg_eer": 32.8040401221434,
        "std_eer": 11.408548388317032
    },
    "16": {
        "avg_eer": 30.171264942934712,
        "std_eer": 10.275009287757289
    },
    "32": {
        "avg_eer": 27.944330986199766,
        "std_eer": 10.47134124657987
    },
    "64": {
        "avg_eer": 25.535297237807498,
        "std_eer": 9.801538481433848
    },
    "128": {
        "avg_eer": 20.472301410684306,
        "std_eer": 8.402787375881667
    },
    "230": {
        "avg_eer": 18.23473523439432,
        "std_eer": 7.547728731583075
    }
}