{
    "8": {
        "avg_eer": 30.82434765209683,
        "std_eer": 10.100039935274028
    },
    "16": {
        "avg_eer": 29.407137463876083,
        "std_eer": 9.978381710943596
    },
    "32": {
        "avg_eer": 25.817830904205287,
        "std_eer": 9.312977909848923
    },
    "64": {
        "avg_eer": 20.658101246408222,
        "std_eer": 8.418414637129418
    },
    "128": {
        "avg_eer": 18.030405327646847,
        "std_eer": 8.06672350460443
    },
    "230": {
        "avg_eer": 16.715481649682435,
        "std_eer": 7.793698868743141
    }
}