{
    "8": {
        "avg_eer": 26.326330141201066,
        "std_eer": 10.217387854947123
    },
    "16": {
        "avg_eer": 24.529010046449603,
        "std_eer": 9.927855944545566
    },
    "32": {
        "avg_eer": 19.375612060624157,
        "std_eer": 8.790601436069636
    },
    "64": {
        "avg_eer": 15.994428907098587,
        "std_eer": 8.523043151121321
    },
    "128": {
        "avg_eer": 12.363861996686063,
        "std_eer": 7.54640370123809
    },
    "230": {
        "avg_eer": 10.274754508101559,
        "std_eer": 6.307934667877796
    }
}